{
	"北京市":[116.39564503787867,39.92998577808024],
	"天津市":[119.6043676161184,39.945461565897574],
	"石家庄市":[117.21081309155257,39.143929903310074],
	"唐山市":[118.18345059773411,39.6505309225366],
	"秦皇岛市":[114.52048681294414,37.069531196911996],
	"邯郸市":[115.49481016907626,38.88656454802744],
	"邢台市":[114.4826939323422,36.60930792847117],
	"保定市":[114.89378153032918,40.81118849110306],
	"张家口市":[117.93382245583847,40.992521052457136],
	"承德市":[116.86380647644208,38.297615350325714],
	"沧州市":[115.68622865290865,37.74692904585666],
	"廊坊市":[112.5508635890553,37.89027705396754],
	"衡水市":[116.70360222263986,39.51861062508462],
	"太原市":[113.29050867308048,40.11374449970518],
	"大同市":[113.56923760163296,37.86952949322259],
	"阳泉市":[113.12029208572514,36.20166438574343],
	"长治市":[112.86733275750684,35.49983446722556],
	"晋城市":[112.47992772666272,39.33767196622064],
	"朔州市":[112.73851439991773,37.69336152679759],
	"晋中市":[111.00685365308033,35.03885947981193],
	"运城市":[112.72793882880985,38.46103057295889],
	"忻州市":[111.53878759640808,36.09974544358536],
	"临汾市":[111.6603505200542,40.828318873081585],
	"吕梁市":[111.14315660234801,37.52731609696258],
	"呼和浩特市":[109.84623853249181,40.64711942570857],
	"包头市":[106.83199909716231,39.683177006785236],
	"乌海市":[118.9307611921676,42.297112320317325],
	"赤峰市":[122.26036326322144,43.633756072995986],
	"通辽市":[109.99370625145134,39.81648956060153],
	"鄂尔多斯市":[119.76082179399947,49.201636054604336],
	"呼伦贝尔市":[107.42380671968002,40.76917990242912],
	"巴彦淖尔市":[113.11284639067514,41.02236294675116],
	"乌兰察布市":[116.02733968895716,43.93970484232425],
	"兴安盟":[122.04816651406564,46.08375706518232],
	"锡林郭勒盟":[105.69568287112703,38.84307526440767],
	"阿拉善盟":[123.43279092160505,41.808644783515746],
	"沈阳市":[121.59347778143518,38.94870993830429],
	"大连市":[123.0077633288837,41.118743682153465],
	"鞍山市":[124.33854311476908,40.1290228266375],
	"抚顺市":[123.77806236979248,41.32583762664885],
	"本溪市":[123.92981976705381,41.8773038295909],
	"丹东市":[121.14774873823639,41.13087887591732],
	"锦州市":[122.23339137079269,40.66865106647352],
	"营口市":[121.66082212856833,42.01925010706022],
	"阜新市":[122.07322781023007,41.14124802295616],
	"辽阳市":[123.17245120514733,41.27333926556943],
	"盘锦市":[120.44616270273576,41.57182766785653],
	"铁岭市":[120.86075764475588,40.743029881317504],
	"朝阳市":[123.85484961461594,42.29975701212545],
	"葫芦岛市":[125.31364242720072,43.89833760709784],
	"长春市":[124.39138207367984,43.17552470112557],
	"吉林市":[126.56454398883335,43.87198833435933],
	"四平市":[125.13368605218399,42.923302619053665],
	"辽源市":[125.94265013851434,41.73639712986761],
	"通化市":[126.43579767534614,41.94585939701795],
	"白山市":[122.84077667910014,45.621086275218886],
	"松原市":[124.83299453234117,45.136048970084005],
	"白城市":[126.65771685544611,45.7732246332393],
	"延边朝鲜族自治州":[129.4859019581615,42.896413603744136],
	"哈尔滨市":[123.9872889421725,47.34769981336638],
	"齐齐哈尔市":[130.94176727325066,45.32153988655108],
	"鸡西市":[131.1714017395816,46.65510206248248],
	"鹤岗市":[130.29247205063453,47.33866590372683],
	"双鸭山市":[125.02183973021087,46.596709020007594],
	"大庆市":[128.91076597792159,47.73468507507862],
	"伊春市":[131.0190480471218,45.77500536864039],
	"佳木斯市":[130.28473458595482,46.813779604740354],
	"七台河市":[127.50083029523519,50.250690090738274],
	"牡丹江市":[126.98909457163498,46.64606392699692],
	"黑河市":[129.608035395637,44.58852115278252],
	"绥化市":[121.48789948569473,31.24916171001514],
	"大兴安岭地区":[124.19610419017351,51.9917889680144],
	"上海市":[118.77807440802562,32.05723550180587],
	"南京市":[120.30545590053595,31.57003745192303],
	"无锡市":[119.98186101345706,31.771396744684242],
	"徐州市":[117.18810662317686,34.27155343109188],
	"常州市":[120.61990711548988,31.317987367952437],
	"苏州市":[120.87380095093022,32.014664540823446],
	"南通市":[119.03018636465636,33.606512739276326],
	"连云港市":[119.17387221741889,34.60154896700999],
	"淮安市":[120.14887181793894,33.379861877120995],
	"盐城市":[119.42777755116975,32.40850525456844],
	"扬州市":[119.45583540512952,32.20440944359928],
	"镇江市":[119.91960601619071,32.47605327483028],
	"泰州市":[120.2193754157201,30.259244461536102],
	"宿迁市":[118.29689337855334,33.95204973370865],
	"杭州市":[121.57900597258933,29.885258965918055],
	"宁波市":[120.6906347337091,28.002837594041246],
	"温州市":[120.76042769895746,30.77399223958183],
	"嘉兴市":[120.59246738555154,30.00236458052847],
	"湖州市":[120.13724316328172,30.877925155690896],
	"绍兴市":[119.65257570368145,29.10289910539069],
	"金华市":[118.87584165150854,28.95691044753569],
	"衢州市":[122.1698720983516,30.036010302553937],
	"舟山市":[121.44061293593727,28.668283285674367],
	"台州市":[119.92957584318849,28.4562995521443],
	"丽水市":[117.28269909168304,31.86694226068694],
	"合肥市":[118.38410842322828,31.36601978754301],
	"芜湖市":[117.35707986587582,32.92949890669797],
	"蚌埠市":[117.01863886329463,32.64281182374795],
	"淮南市":[118.515881846623,31.688528158880025],
	"马鞍山市":[116.79144742863005,33.96002330536412],
	"淮北市":[117.81942872880637,30.940929694665662],
	"铜陵市":[117.0587387721073,30.537897817381097],
	"安庆市":[118.29356963200213,29.73443485616307],
	"黄山市":[118.32457035097686,32.31735059538377],
	"滁州市":[115.82093225904637,32.90121133056961],
	"阜阳市":[117.88049041703327,31.608732547545824],
	"宿州市":[115.78792824511814,33.87121056530193],
	"巢湖市":[116.9886924118307,33.63677238578078],
	"六安市":[117.49447677159357,30.660019248160626],
	"亳州市":[119.33022110712668,26.04712549657293],
	"池州市":[118.75209631098257,30.951642354295757],
	"宣城市":[116.50525268298414,31.75555835519844],
	"福州市":[118.10388604566381,24.489230612469232],
	"厦门市":[119.07773096395962,25.448450136734262],
	"莆田市":[118.60036234322938,24.901652383991102],
	"三明市":[117.67620467894616,24.517064779808482],
	"泉州市":[119.54208214971854,26.656527419158913],
	"漳州市":[115.89352754583604,28.689578000141147],
	"南平市":[117.18652262527252,29.303562768448288],
	"龙岩市":[118.18188294866125,26.643626474197838],
	"宁德市":[117.64219393404412,26.270835279362192],
	"南昌市":[113.85991703300718,27.639544222952306],
	"景德镇市":[117.01799673877318,25.07868543351518],
	"萍乡市":[115.99984802155373,29.71963952612237],
	"九江市":[114.9471174167892,27.82232155862896],
	"新余市":[117.03545018601243,28.241309597181967],
	"鹰潭市":[114.9359090792838,25.84529553634676],
	"赣州市":[114.99203871092017,27.113847650157084],
	"吉安市":[114.40003867155777,27.811129895842885],
	"宜春市":[116.36091886693136,27.954545170269935],
	"抚州市":[117.95546387714894,28.457622553937274],
	"上饶市":[117.02496706629023,36.68278472716141],
	"济南市":[120.38442818368189,36.10521490127382],
	"青岛市":[117.27930538329689,34.80788307838604],
	"淄博市":[118.58392633307061,37.48712115527602],
	"枣庄市":[118.05913427786938,36.80468485421204],
	"东营市":[121.30955503008511,37.53656156285964],
	"烟台市":[119.14263382297052,36.71611487305138],
	"潍坊市":[116.60079762482256,35.40212166433135],
	"济宁市":[117.08941491713698,36.18807775894815],
	"泰安市":[122.09395836580605,37.52878708125143],
	"威海市":[119.50717994299387,35.42022519314436],
	"日照市":[118.34076823661057,35.07240907439113],
	"莱芜市":[117.68466691247161,36.23365413364694],
	"临沂市":[116.32816136356094,37.46082592630501],
	"德州市":[117.96829241452845,37.405313941825895],
	"聊城市":[115.98686913929107,36.455828514727976],
	"滨州市":[115.46335977452752,35.26244049607468],
	"菏泽市":[113.64964384986449,34.756610064140254],
	"郑州市":[114.35164211776365,34.80185417583674],
	"开封市":[112.44752476895121,34.65736781765111],
	"洛阳市":[114.35180650767198,36.1102667221811],
	"平顶山市":[113.30084897797529,33.74530145652439],
	"安阳市":[113.91269016082377,35.3072575576613],
	"鹤壁市":[114.29776983802476,35.75542587422399],
	"新乡市":[113.21183588499157,35.234607554985935],
	"焦作市":[113.8353124597886,34.026739588655204],
	"濮阳市":[115.02662744067226,35.75329788820758],
	"许昌市":[114.04606140022909,33.57627868848315],
	"漯河市":[111.1812620932674,34.783319941049726],
	"三门峡市":[115.64188568785016,34.43858864024636],
	"南阳市":[112.5428419005123,33.0114195691165],
	"商丘市":[114.0854909934702,32.128582307511664],